Date,MaxT,MeanT,MinT,MaxDewPoint,MeanDewPoint,MinDewpoint,MaxHumidity,MeanHumidity,MinHumidity,MaxSLP,MeanSLP,MinSLP,MaxVisibility,MeanVisibility,MinVisibility,MaxWindSpeed,MeanWindSpeed,MaxGustSpeed,Precipitation,CloudCover,Events,WindDirDegrees
2016-1-1,11.015,4.740,-1.023,10.022,5.934,-1.215,100,88,64,1016.863,1006.107,993.990,10.000,9.000,5.000,47.136,34.109,65.891,7.907,4.015,Rain,140
2016-1-2,12.110,9.234,7.336,11.142,9.260,3.149,100,91,68,1004.285,997.128,987.974,10.000,9.000,4.000,40.195,26.020,60.215,4.148,5.027,Rain,265
2016-1-3,10.982,9.191,5.984,10.065,7.419,3.051,100,83,64,991.137,984.704,983.109,10.000,9.000,4.000,48.225,26.205,70.923,9.241,2.184,Rain,209
2016-1-4,11.058,8.997,7.165,8.277,7.337,6.011,93,84,66,980.974,980.888,980.180,10.000,10.000,10.000,29.209,18.184,,1.022,2.006,Rain,216
2016-1-5,10.396,7.895,6.057,8.268,6.104,3.974,100,88,69,988.995,985.124,980.061,10.000,10.000,10.000,26.207,11.183,,0.367,3.002,Rain,230
2016-1-6,9.105,7.082,4.377,8.093,6.119,2.887,100,87,63,997.729,993.103,984.881,10.000,10.000,6.000,40.218,14.043,59.880,0.336,2.934,Rain,226
2016-1-7,10.874,5.736,1.884,11.055,4.143,1.079,100,82,56,999.815,992.211,980.101,10.000,9.000,6.000,47.225,27.126,71.128,0.851,1.901,Rain,257
2016-1-8,10.892,5.169,-0.992,8.004,5.205,-1.096,100,89,65,999.971,997.285,994.711,10.000,10.000,10.000,16.286,8.139,,1.157,1.080,Rain,192
2016-1-9,9.715,7.037,4.211,9.140,7.058,2.991,100,88,66,994.859,985.185,978.922,10.000,9.000,6.000,45.323,19.048,77.086,10.978,4.050,Rain,198
2016-1-10,9.200,5.880,2.895,5.180,3.020,1.039,100,77,52,984.906,984.878,983.950,10.000,10.000,10.000,23.232,13.293,,4.170,1.897,Rain,200
2016-1-11,9.301,4.047,1.241,6.171,4.177,1.069,100,90,68,994.091,985.064,978.080,10.000,9.000,3.000,23.206,8.042,,0.483,2.026,Fog-Rain,288
2016-1-12,6.662,6.241,3.790,5.192,2.400,-0.173,93,75,55,1014.248,1005.099,995.187,10.000,10.000,10.000,40.081,24.032,64.096,1.026,3.086,Rain,293
2016-1-13,8.648,2.783,-1.793,5.342,2.148,-2.148,100,82,56,1017.165,1012.740,1006.955,10.000,10.000,10.000,23.369,10.230,,0.634,2.053,Rain,215
2016-1-14,7.380,3.950,0.956,4.087,1.132,-2.074,100,81,49,1018.086,1011.954,1005.856,10.000,10.000,8.000,32.021,16.135,39.803,0.781,2.053,Rain,306
2016-1-15,5.987,2.717,1.355,3.056,1.070,-0.728,100,81,66,1027.856,1024.791,1018.073,10.000,10.000,10.000,32.107,14.218,,1.080,0.800,Rain,311
2016-1-16,6.164,2.089,-1.632,4.134,1.204,-1.883,100,90,72,1031.096,1029.002,1027.908,10.000,10.000,10.000,11.217,5.050,,0.000,1.138,,163
2016-1-17,8.240,4.094,0.092,8.116,5.122,1.596,100,96,77,1024.032,1019.751,1015.001,10.000,7.000,3.000,24.038,8.062,,0.043,4.912,Fog-Rain,127
2016-1-18,5.901,5.166,4.002,5.969,4.228,0.906,100,91,73,1013.076,1010.070,1008.138,10.000,9.000,5.000,29.316,23.057,,10.950,5.924,Rain,117
2016-1-19,5.997,1.005,-2.934,1.032,-1.950,-3.993,100,82,42,1018.308,1015.604,1012.914,10.000,10.000,10.000,23.072,10.204,,0.000,0.940,,49
2016-1-20,6.852,0.797,-5.154,3.180,-0.877,-4.830,100,84,58,1018.765,1017.912,1017.033,10.000,10.000,10.000,21.100,10.007,,0.000,3.082,,104
2016-1-21,8.960,4.187,0.090,8.439,5.638,3.208,100,94,80,1018.256,1016.658,1015.965,10.000,7.000,4.000,29.124,23.122,,1.147,6.243,Rain,161
2016-1-22,13.746,11.024,7.834,13.194,8.245,6.186,100,87,56,1025.130,1016.167,1010.168,10.000,8.000,4.000,34.134,23.072,,2.077,3.798,Rain,223
2016-1-23,12.836,6.905,2.127,12.936,7.624,1.319,100,96,80,1028.976,1027.117,1023.621,10.000,7.000,3.000,29.185,16.142,,0.765,4.251,Fog-Rain,177
2016-1-24,14.277,11.648,8.892,14.020,11.846,9.838,100,94,75,1027.004,1025.277,1022.989,10.000,9.000,7.000,24.057,16.034,,0.000,2.799,,183
2016-1-25,13.785,9.923,5.941,12.126,8.165,4.225,100,85,65,1023.991,1019.040,1016.219,10.000,10.000,6.000,35.459,21.182,70.927,0.000,3.982,,201
2016-1-26,13.319,9.063,3.821,12.112,9.025,6.471,100,88,67,1023.191,1013.865,1009.853,10.000,10.000,8.000,45.045,27.058,69.064,1.189,6.136,Rain,207
2016-1-27,12.872,8.984,4.921,13.038,9.088,2.902,100,87,67,1018.760,1010.020,1006.072,10.000,10.000,7.000,39.114,29.050,59.942,0.514,3.844,Rain,254
2016-1-28,10.675,4.765,-1.289,9.052,4.001,-0.883,100,81,54,1025.968,1024.259,1019.909,10.000,10.000,10.000,32.200,13.024,,0.422,3.102,Rain,222
2016-1-29,12.034,9.799,8.143,11.136,9.013,6.783,100,85,69,1023.305,1018.302,1011.150,10.000,10.000,10.000,35.110,26.186,63.038,0.626,3.889,Rain,226
2016-1-30,8.085,5.920,3.871,9.578,4.262,1.114,100,81,51,1014.060,1011.954,1009.908,10.000,10.000,10.000,35.171,21.152,45.408,1.160,2.149,Rain,263
2016-1-31,14.290,8.869,2.929,12.173,9.076,2.187,100,89,76,1014.921,1010.123,1006.690,10.000,10.000,8.000,42.133,26.080,73.921,0.265,6.029,Rain,258
2016-2-1,14.931,12.081,9.941,10.257,8.056,3.775,88,72,46,1019.223,1017.009,1017.276,10.000,10.000,10.000,40.123,27.015,63.059,0.000,3.725,,252
2016-2-2,9.825,6.709,4.133,6.053,4.267,1.938,93,76,55,1020.000,1017.928,1016.080,10.000,10.000,10.000,35.066,23.036,60.976,1.259,1.848,Rain,263
2016-2-3,8.128,4.119,0.919,5.311,3.075,-0.709,93,76,57,1030.984,1027.218,1020.168,10.000,10.000,10.000,40.205,19.214,60.889,0.755,2.036,Rain,280
2016-2-4,12.397,6.831,2.728,11.217,8.003,3.123,100,91,71,1029.939,1027.779,1026.097,10.000,9.000,4.000,32.033,18.142,,0.384,5.239,Rain,276
2016-2-5,10.737,8.931,8.160,10.048,8.194,6.721,100,89,68,1026.134,1015.049,1006.838,10.000,10.000,8.000,34.070,23.046,49.939,1.186,4.607,Rain,206
2016-2-6,10.560,8.066,6.051,10.792,8.151,3.108,100,93,76,1007.365,990.998,985.289,10.000,7.000,3.000,60.048,32.068,80.046,21.260,5.134,Rain,207
2016-2-7,11.281,6.953,2.900,10.051,5.376,2.016,100,81,58,995.956,992.022,985.939,10.000,9.000,6.000,37.192,26.156,54.946,2.108,4.091,Rain,232
2016-2-8,8.920,6.875,4.527,6.096,3.074,0.848,93,74,51,997.021,992.242,984.985,10.000,10.000,6.000,60.007,42.137,105.881,7.242,3.053,Rain,255
2016-2-9,7.916,5.299,2.009,4.089,2.269,-0.177,100,81,52,995.922,990.173,987.065,10.000,10.000,10.000,40.146,14.076,62.968,0.892,2.027,Rain,275
2016-2-10,7.985,2.926,-0.936,5.253,3.029,-0.914,100,85,55,1004.884,999.999,994.362,10.000,10.000,10.000,39.105,19.056,54.915,0.052,2.212,Rain,291
2016-2-11,9.919,3.835,-2.262,6.369,1.149,-2.046,100,90,55,1004.795,1001.635,997.187,10.000,7.000,0.000,26.192,6.042,,0.563,2.136,Fog-Rain,184
2016-2-12,6.862,3.135,-0.783,6.033,4.174,0.150,100,90,76,996.666,992.044,990.013,10.000,10.000,7.000,21.173,11.201,,5.218,4.024,Rain,102
2016-2-13,5.801,4.079,2.874,5.937,3.178,2.279,100,90,70,989.848,983.951,979.101,10.000,10.000,10.000,34.044,19.030,,4.087,6.223,Rain,40
2016-2-14,7.037,3.900,0.940,4.218,1.146,-2.904,100,80,54,1013.957,1001.981,989.825,10.000,9.000,8.000,32.141,16.044,,0.000,2.201,,23
2016-2-15,6.823,1.991,-2.742,1.079,-1.841,-4.869,93,70,34,1035.070,1029.957,1014.935,10.000,10.000,10.000,23.065,13.077,,0.000,0.837,,359
2016-2-16,7.905,0.911,-5.802,4.267,0.235,-7.158,100,79,48,1035.824,1031.325,1023.902,10.000,10.000,10.000,32.099,11.034,,0.000,2.246,,181
2016-2-17,7.836,5.856,3.766,8.029,5.076,2.911,100,91,65,1022.879,1011.843,1009.807,10.000,10.000,6.000,32.129,21.083,,7.167,5.023,Rain,269
2016-2-18,7.995,3.010,-1.123,4.223,2.174,-2.024,100,87,47,1019.060,1015.704,1010.861,10.000,10.000,10.000,19.228,8.120,,0.540,1.174,Rain,243
2016-2-19,10.273,2.764,-4.012,9.286,3.915,-3.309,100,91,68,1018.696,1014.006,1010.878,10.000,10.000,7.000,35.104,13.159,,0.000,4.876,,218
2016-2-20,12.906,10.979,8.876,11.068,9.108,6.988,100,86,74,1014.914,1012.827,1011.117,10.000,10.000,7.000,42.121,27.023,63.121,0.356,5.752,Rain,266
2016-2-21,16.014,13.156,11.139,12.065,10.190,9.071,88,80,59,1015.235,1012.703,1010.808,10.000,10.000,10.000,35.005,27.140,60.025,0.000,4.028,,254
2016-2-22,9.909,6.831,1.909,10.061,5.042,1.148,100,85,59,1014.180,1010.866,1008.968,10.000,9.000,4.000,21.071,13.066,,1.030,3.864,Rain,307
2016-2-23,10.014,4.084,-2.090,5.147,2.101,-2.331,100,84,45,1019.990,1018.893,1015.065,10.000,10.000,10.000,19.048,6.126,,0.000,1.999,,356
2016-2-24,8.210,3.064,-2.099,3.127,-0.991,-2.845,100,75,39,1020.086,1016.784,1014.918,10.000,10.000,10.000,23.067,10.181,,0.000,1.036,,27
2016-2-25,7.737,1.909,-3.977,2.029,-0.945,-4.930,100,78,41,1017.935,1017.228,1014.021,10.000,10.000,10.000,11.246,3.138,,0.000,1.140,,11
2016-2-26,7.921,3.045,-1.173,5.071,1.176,-1.860,100,70,41,1014.144,1005.057,1003.242,10.000,10.000,10.000,34.191,16.148,,0.336,2.021,Rain,126
2016-2-27,6.863,3.869,1.957,1.057,-0.997,-3.090,81,62,43,1016.190,1009.927,1002.829,10.000,10.000,10.000,29.007,19.083,40.276,0.000,3.054,,52
2016-2-28,8.940,4.058,0.887,2.104,-0.749,-3.094,87,67,39,1026.228,1022.134,1015.909,10.000,10.000,10.000,32.036,18.176,,0.000,2.050,,35
2016-2-29,6.726,1.112,-4.054,6.009,1.057,-5.076,100,80,53,1028.052,1025.876,1022.146,10.000,10.000,10.000,23.043,8.006,,0.149,2.938,Rain,189
2016-3-1,12.995,8.714,5.214,11.356,8.027,3.872,100,85,59,1021.238,1010.996,1005.935,10.000,10.000,8.000,39.161,24.241,65.791,2.058,5.002,Rain,252
2016-3-2,9.127,5.725,2.839,6.233,3.003,-1.239,100,75,42,1007.487,1003.917,999.986,10.000,10.000,10.000,53.085,32.078,71.883,14.032,1.793,Rain,285
2016-3-3,10.027,8.177,5.068,8.025,4.070,1.942,100,78,52,1009.655,1003.899,994.834,10.000,10.000,7.000,40.235,24.193,59.955,1.065,3.816,Rain,267
2016-3-4,7.599,2.975,-0.812,4.274,1.048,-2.000,100,80,42,994.856,992.343,989.925,10.000,10.000,10.000,23.043,13.143,,2.054,1.849,Rain,302
2016-3-5,8.776,4.904,1.258,3.178,2.359,-0.772,93,76,40,1008.216,1004.016,997.779,10.000,10.000,10.000,29.101,18.249,52.051,0.610,3.124,Rain,340
2016-3-6,6.786,1.983,-1.898,4.118,1.231,-1.887,96,75,49,1009.336,1006.819,1005.104,10.000,10.000,10.000,23.066,14.016,,0.000,1.892,,307
2016-3-7,7.966,3.038,-1.233,5.126,2.250,-3.230,100,84,61,1015.893,1012.843,1009.969,10.000,10.000,10.000,26.132,11.237,,2.262,1.920,Rain,326
2016-3-8,10.146,3.873,-1.024,9.241,4.506,-0.983,100,92,69,1016.276,1011.170,996.044,10.000,10.000,3.000,32.060,10.153,,0.595,2.942,Rain,192
2016-3-9,8.938,6.984,4.036,9.525,3.075,1.116,100,75,48,1011.709,999.908,988.914,10.000,10.000,7.000,63.055,42.513,101.052,3.114,3.814,Rain,330
2016-3-10,10.982,5.802,2.288,4.237,3.488,0.299,100,74,43,1027.181,1022.149,1013.060,10.000,10.000,10.000,24.289,14.019,,0.000,0.831,,17
2016-3-11,11.297,3.978,-3.006,5.127,2.138,-2.954,100,82,39,1028.762,1028.171,1025.905,10.000,9.000,8.000,11.021,5.120,,0.000,2.051,,113
2016-3-12,12.109,5.048,-1.909,7.234,3.166,-2.025,100,88,45,1031.916,1030.074,1028.962,10.000,8.000,5.000,13.409,5.198,,0.000,1.058,,72
2016-3-13,11.985,4.740,-2.145,6.068,3.049,-2.087,100,78,41,1033.948,1033.144,1031.822,8.000,7.000,2.000,19.113,8.319,,0.000,0.880,Fog,71
2016-3-14,10.872,7.091,1.819,4.223,1.103,-4.148,93,66,36,1033.090,1030.028,1027.764,10.000,10.000,9.000,27.069,19.034,,0.000,1.773,,54
2016-3-15,13.039,6.954,1.144,7.381,4.087,-0.027,100,74,40,1030.078,1028.777,1026.937,10.000,10.000,8.000,26.021,18.127,,0.000,4.026,,60
2016-3-16,12.237,8.103,3.475,7.366,4.303,-1.064,100,76,41,1030.019,1028.209,1027.148,10.000,9.000,4.000,29.192,18.159,,0.000,3.112,,43
2016-3-17,10.722,6.070,1.099,4.132,2.095,-0.954,100,74,41,1030.913,1029.062,1026.815,10.000,9.000,7.000,26.049,13.148,,0.000,0.996,,40
2016-3-18,8.702,3.212,-3.347,5.108,3.105,-2.742,100,86,60,1028.063,1026.124,1024.978,10.000,7.000,4.000,23.140,10.191,,0.000,3.817,,33
2016-3-19,7.602,7.047,4.979,5.075,3.044,1.794,93,76,59,1025.886,1025.860,1025.237,10.000,10.000,10.000,24.157,16.079,,0.090,5.712,Rain,61
2016-3-20,6.996,3.012,-0.265,4.125,2.107,-0.735,93,75,54,1025.841,1024.944,1023.966,10.000,10.000,10.000,23.167,16.261,,0.000,5.026,,45
2016-3-21,12.796,6.019,-3.305,6.011,3.119,-2.206,100,78,40,1025.215,1023.113,1021.175,10.000,9.000,6.000,23.021,6.110,,0.000,0.944,,334
2016-3-22,10.740,5.849,0.036,7.023,2.111,-0.940,100,83,46,1021.133,1018.444,1015.905,10.000,7.000,0.000,11.007,5.043,,0.000,5.374,Fog,70
2016-3-23,10.958,3.940,-3.010,5.015,2.201,-3.189,100,78,44,1018.146,1017.073,1016.822,10.000,9.000,6.000,21.127,6.175,,0.000,4.127,,337
2016-3-24,11.093,6.987,2.985,9.020,7.111,3.069,100,88,64,1017.254,1012.945,1008.962,10.000,10.000,10.000,29.027,13.083,,3.186,4.033,Rain,219
2016-3-25,14.011,9.035,3.839,9.285,5.148,-1.111,100,75,30,1017.189,1015.104,1009.281,10.000,10.000,10.000,32.145,13.061,,0.090,1.945,Rain,210
2016-3-26,11.841,9.289,4.918,11.992,8.454,2.828,100,90,71,1010.932,1000.418,994.163,10.000,7.000,3.000,47.346,29.140,68.981,5.321,3.659,Rain,199
2016-3-27,11.121,8.090,3.745,10.264,6.009,2.679,100,86,56,998.974,995.172,977.044,10.000,9.000,7.000,47.037,23.203,73.791,6.143,3.180,Rain,195
2016-3-28,10.353,8.172,5.216,10.055,5.277,2.278,100,81,50,997.735,993.146,977.088,10.000,10.000,7.000,47.268,26.214,73.876,3.130,1.876,Rain,250
2016-3-29,10.760,6.818,2.827,7.123,4.016,2.240,93,77,50,1003.813,1003.038,1000.995,10.000,10.000,10.000,32.003,16.030,49.895,2.107,2.054,Rain,222
2016-3-30,12.050,8.071,4.064,5.185,3.240,1.466,93,72,34,1013.077,1009.170,1005.220,10.000,10.000,10.000,23.023,13.018,,0.000,1.047,,279
2016-3-31,12.977,6.151,-1.853,5.151,2.072,-1.994,100,74,34,1020.030,1016.925,1013.208,10.000,10.000,10.000,23.172,8.165,,0.000,1.181,,348
2016-4-1,11.117,4.215,-2.155,8.342,4.270,-1.219,100,86,64,1019.876,1016.937,1013.705,10.000,10.000,10.000,34.055,14.060,,0.000,2.844,,184
2016-4-2,12.118,10.167,8.050,8.035,6.121,3.055,93,77,47,1013.263,1009.054,1004.984,10.000,10.000,8.000,29.388,23.075,,0.000,2.152,,157
2016-4-3,10.727,8.104,5.961,9.124,8.032,6.206,100,91,66,1004.054,1003.107,1001.060,10.000,9.000,6.000,24.257,14.123,,0.273,2.982,Rain,139
2016-4-4,12.048,9.167,5.878,10.084,8.040,4.931,100,90,69,1002.803,998.981,999.154,10.000,10.000,7.000,16.193,11.077,,5.148,3.001,Rain,164
2016-4-5,14.560,9.244,3.898,9.085,6.062,4.107,100,76,41,1013.039,1010.258,1007.095,10.000,10.000,10.000,32.404,13.183,,0.000,2.141,,287
2016-4-6,11.720,8.852,6.176,8.149,5.064,0.583,100,75,48,1011.900,1009.766,1008.023,10.000,10.000,8.000,40.195,23.145,54.778,1.219,3.169,Rain,273
2016-4-7,11.422,7.886,3.733,6.024,4.161,1.970,93,75,56,1014.940,1011.775,1010.082,10.000,10.000,10.000,37.199,26.024,49.918,0.020,1.778,Rain,298
2016-4-8,12.132,9.175,4.909,8.556,5.200,2.952,100,76,45,1015.001,1010.854,1003.742,10.000,10.000,8.000,27.124,13.157,,1.111,2.806,Rain,256
2016-4-9,9.333,4.696,1.047,9.080,2.109,-0.102,100,78,52,1004.956,1003.318,1001.842,10.000,10.000,8.000,27.037,13.091,47.977,1.057,1.953,Rain,230
2016-4-10,10.934,5.933,1.234,8.079,4.054,-0.116,92,74,47,1004.104,1001.014,999.077,10.000,10.000,10.000,52.280,32.021,73.970,1.196,1.811,Rain,113
2016-4-11,15.220,11.081,5.887,9.279,7.081,3.812,94,75,48,1006.860,1004.945,1003.106,10.000,10.000,8.000,26.295,14.097,,0.000,2.008,,173
2016-4-12,13.152,7.085,-0.107,8.119,6.131,0.982,100,82,53,1007.260,1006.013,1004.904,10.000,10.000,10.000,21.182,8.102,,0.000,0.921,,154
2016-4-13,15.899,8.559,2.822,9.110,7.242,3.778,100,78,38,1009.724,1007.944,1005.963,10.000,9.000,0.000,23.019,8.034,,0.000,0.984,Fog,162
2016-4-14,14.031,9.669,6.133,9.265,8.074,5.774,100,86,59,1010.096,1006.757,1002.902,10.000,10.000,8.000,24.156,10.104,,0.839,2.805,Rain,118
2016-4-15,12.777,9.140,4.988,10.100,7.354,2.946,100,85,59,1003.086,1000.133,997.937,10.000,9.000,2.000,32.053,14.116,,4.128,3.998,Rain,2
2016-4-16,10.003,6.020,2.089,4.027,2.045,-1.074,88,70,34,1011.837,1006.163,1001.918,10.000,10.000,10.000,26.029,14.103,,0.038,1.999,Rain,339
2016-4-17,12.271,4.040,-1.825,4.081,1.305,-1.907,96,67,30,1020.954,1016.868,1011.962,10.000,10.000,10.000,16.246,8.286,,0.000,0.799,,318
2016-4-18,10.984,3.908,-0.949,5.018,3.051,-2.059,95,74,57,1027.001,1023.894,1021.851,10.000,10.000,10.000,19.218,6.119,,0.000,5.977,,290
2016-4-19,15.093,6.977,-1.197,8.376,4.072,-0.991,100,74,40,1028.270,1027.972,1027.012,10.000,10.000,10.000,16.125,6.018,,0.000,2.923,,108
2016-4-20,17.176,10.145,2.791,6.029,3.029,-2.076,88,59,18,1028.050,1025.740,1022.953,,,,32.110,13.059,,0.000,,,78
2016-4-21,14.013,11.097,8.050,8.064,6.018,0.040,82,66,40,1024.107,1020.980,1019.896,10.000,10.000,10.000,23.199,14.149,,0.000,1.104,,68
2016-4-22,10.838,8.736,6.900,8.264,6.138,1.909,95,86,52,1020.272,1018.963,1018.244,10.000,8.000,6.000,16.050,11.027,,6.112,7.006,Rain,37
2016-4-23,11.832,7.936,4.033,7.301,2.025,-3.033,93,64,26,1022.840,1022.328,1018.934,10.000,10.000,8.000,29.119,14.303,,0.000,2.112,,9
2016-4-24,13.282,7.928,3.137,4.095,2.002,-1.042,91,63,28,1022.863,1022.247,1021.302,10.000,10.000,10.000,29.106,16.111,,0.143,1.025,Rain,321
2016-4-25,11.079,8.067,3.779,7.083,4.022,-0.283,95,73,40,1015.986,1012.212,1010.127,10.000,10.000,7.000,34.155,23.010,49.958,2.212,2.954,Rain,306
2016-4-26,10.970,7.051,2.246,2.103,0.048,-1.852,81,60,35,1012.933,1010.900,1010.171,10.000,10.000,10.000,45.270,21.359,63.862,0.000,2.203,,316
2016-4-27,11.116,5.092,-1.155,3.113,1.093,-2.113,94,66,39,1016.049,1013.995,1013.181,10.000,10.000,10.000,32.017,14.051,,0.272,1.857,Rain,314
2016-4-28,12.688,5.945,-3.227,6.071,2.163,-3.879,100,70,31,1015.904,1012.913,1011.063,10.000,10.000,8.000,32.152,13.010,58.038,0.603,1.841,Rain,258
2016-4-29,11.078,6.931,2.638,5.118,2.225,-1.010,87,66,38,1017.111,1012.974,1011.021,10.000,10.000,10.000,35.169,18.079,62.734,0.868,1.530,Rain,286
2016-4-30,13.259,6.115,-1.539,5.081,1.118,-3.293,100,63,23,1027.016,1023.150,1016.766,10.000,10.000,10.000,27.208,11.192,,0.000,2.159,,303
2016-5-1,13.211,5.850,-2.108,11.318,5.949,-0.789,100,85,60,1028.042,1026.014,1024.148,10.000,10.000,10.000,26.052,11.102,,0.000,5.216,,194
2016-5-2,15.082,10.825,7.336,11.092,8.215,4.279,100,79,45,1023.703,1020.881,1019.085,10.000,10.000,10.000,34.311,19.292,,1.221,1.682,Rain,238
2016-5-3,15.104,6.838,-0.923,7.066,3.192,0.141,100,65,30,1028.153,1027.179,1024.793,10.000,10.000,10.000,23.181,10.025,,0.000,1.994,,319
2016-5-4,14.069,6.704,-1.265,8.100,4.018,-0.752,100,77,43,1028.102,1024.842,1023.137,10.000,10.000,10.000,23.399,8.064,,0.000,1.116,,147
2016-5-5,17.073,8.815,0.033,8.006,4.033,1.010,100,66,29,1022.738,1016.921,1013.869,,,,27.300,8.065,,0.000,,,128
2016-5-6,19.933,11.156,2.757,9.435,6.002,1.144,98,66,28,1013.919,1008.895,1005.808,,,,19.032,6.209,,0.000,,,117
2016-5-7,20.989,16.025,10.276,12.271,11.089,7.895,94,74,42,1006.006,1003.967,1002.900,10.000,10.000,10.000,34.244,11.105,,0.317,1.899,Rain,126
2016-5-8,21.055,16.869,11.988,13.095,10.191,5.866,100,61,30,1003.879,1002.752,1003.110,10.000,10.000,10.000,39.043,19.035,52.048,0.010,1.844,Rain,106
2016-5-9,17.759,13.914,11.795,13.022,12.070,8.062,100,77,36,1006.942,1004.604,1003.206,10.000,8.000,1.000,34.003,21.277,,2.157,4.173,Fog-Rain,119
2016-5-10,19.860,16.113,11.001,15.012,13.087,11.070,100,89,56,1006.772,1004.632,1004.140,10.000,7.000,0.000,14.062,5.189,,0.326,3.753,Fog-Rain,57
2016-5-11,18.322,15.231,12.108,15.324,13.131,11.791,100,94,76,1003.956,1001.754,1001.095,10.000,5.000,0.000,14.033,6.153,,2.206,5.168,Fog-Rain,282
2016-5-12,21.022,16.720,11.751,15.181,13.093,11.724,100,87,58,1004.933,1002.597,1001.939,10.000,6.000,2.000,21.161,8.211,,2.153,2.990,Rain,10
2016-5-13,20.296,16.002,10.859,14.064,11.034,8.041,100,76,49,1015.045,1008.955,1004.866,10.000,10.000,9.000,21.275,13.164,,0.000,1.041,,24
2016-5-14,14.727,10.957,6.997,8.231,6.295,3.530,90,69,47,1022.037,1019.984,1016.116,10.000,10.000,10.000,21.108,11.137,,0.000,2.066,,75
2016-5-15,18.184,10.028,1.893,8.126,6.121,3.094,100,72,34,1023.744,1022.821,1022.042,10.000,9.000,1.000,24.102,10.002,39.051,0.000,0.879,Fog,323
2016-5-16,17.277,11.079,5.007,10.004,8.266,6.174,100,76,43,1022.912,1022.034,1020.979,10.000,10.000,10.000,24.022,10.053,,0.000,2.156,,311
2016-5-17,16.180,9.889,4.787,12.008,9.204,5.760,100,82,53,1020.487,1016.134,1010.273,10.000,9.000,0.000,26.029,11.090,,0.369,2.995,Fog-Rain,209
2016-5-18,16.269,13.094,9.966,11.029,9.260,6.736,98,77,50,1009.770,1004.949,1002.002,10.000,10.000,10.000,34.063,19.188,45.073,2.093,2.078,Rain,275
2016-5-19,17.426,10.927,5.219,13.152,9.148,5.778,100,84,48,1013.691,1011.848,1009.040,10.000,10.000,6.000,23.101,11.128,,1.136,2.940,Rain,225
2016-5-20,16.133,12.927,11.145,13.036,10.109,8.184,100,79,56,1015.898,1013.859,1011.167,10.000,9.000,3.000,29.306,14.159,,3.107,2.870,Rain,218
2016-5-21,14.080,11.907,9.814,13.245,12.045,8.998,100,94,86,1009.751,1007.140,1004.951,10.000,8.000,3.000,26.269,21.239,,8.129,4.928,Rain,190
2016-5-22,16.720,10.777,3.837,12.162,8.153,6.412,100,80,45,1014.982,1009.205,1004.954,10.000,10.000,6.000,29.102,8.319,28.900,1.139,3.155,Fog-Rain,306
2016-5-23,16.164,9.861,4.772,10.192,7.279,5.133,100,75,48,1021.941,1020.203,1014.782,10.000,10.000,10.000,26.239,13.366,,1.247,1.964,Rain,322
2016-5-24,17.144,10.873,3.937,12.045,8.041,3.819,100,76,53,1022.012,1020.146,1018.339,10.000,10.000,10.000,24.060,10.117,,0.000,3.082,,119
2016-5-25,14.038,9.299,5.006,7.050,5.114,3.026,96,70,43,1019.098,1016.839,1015.961,10.000,10.000,10.000,23.090,11.149,,0.000,2.830,,66
2016-5-26,17.858,9.911,1.543,12.084,8.058,2.862,100,77,49,1016.212,1015.143,1014.076,10.000,10.000,10.000,16.035,8.329,,0.568,1.945,Rain,121
2016-5-27,17.801,13.671,10.983,13.295,11.145,10.154,100,83,62,1016.050,1015.764,1014.773,10.000,8.000,0.000,16.167,6.282,,0.310,2.130,Fog-Rain,145
2016-5-28,19.141,14.023,8.774,14.128,12.046,8.939,100,84,60,1016.024,1014.159,1011.996,8.000,5.000,0.000,16.162,5.052,,0.000,4.086,Fog,196
2016-5-29,20.919,15.636,10.272,12.145,11.028,9.204,100,70,39,1016.193,1013.108,1012.080,10.000,9.000,6.000,26.096,11.140,,0.000,0.851,,9
2016-5-30,20.907,13.858,6.992,12.128,11.037,6.999,100,71,45,1019.047,1017.081,1016.101,10.000,10.000,10.000,26.144,11.160,,0.000,1.052,,8
2016-5-31,22.109,16.271,9.016,11.358,10.132,6.942,95,61,35,1020.766,1019.024,1017.667,10.000,10.000,10.000,32.337,19.018,,0.000,3.092,,333
2016-6-1,16.956,15.913,13.917,13.023,12.102,10.816,88,77,64,1023.174,1022.102,1020.681,10.000,10.000,10.000,23.090,16.055,,0.531,4.687,Rain,8
2016-6-2,19.202,14.187,10.936,12.050,9.397,7.803,88,68,44,1022.422,1019.595,1018.007,10.000,10.000,10.000,27.026,18.339,,0.033,2.910,Rain,35
2016-6-3,17.863,11.970,6.880,11.163,8.382,5.751,96,76,47,1019.192,1017.083,1014.892,10.000,10.000,10.000,19.541,10.117,,0.000,2.855,,70
2016-6-4,19.161,11.696,5.846,13.015,11.240,5.871,100,82,59,1019.090,1017.287,1016.902,10.000,9.000,7.000,11.003,5.152,,0.000,5.999,,181
2016-6-5,22.996,16.942,10.807,15.262,14.321,11.211,100,79,50,1021.228,1020.381,1018.760,10.000,8.000,5.000,19.246,6.119,,0.000,4.142,,161
2016-6-6,18.902,14.127,10.232,14.179,12.282,8.128,100,80,46,1021.186,1019.867,1019.762,10.000,8.000,2.000,21.103,8.030,,0.000,1.896,Fog,151
2016-6-7,24.005,18.037,13.169,16.131,14.060,11.699,100,78,46,1025.118,1022.996,1021.298,10.000,8.000,3.000,21.224,8.184,,0.817,4.031,Rain,309
2016-6-8,23.890,16.972,9.966,16.020,14.013,12.121,100,77,50,1025.003,1023.941,1022.039,10.000,10.000,8.000,16.325,10.151,,0.000,1.908,,273
2016-6-9,16.443,13.000,10.134,15.015,13.290,11.127,100,93,79,1022.835,1020.322,1017.178,10.000,5.000,0.000,16.022,8.074,,0.000,5.863,Fog,161
2016-6-10,19.855,16.127,12.268,16.123,13.075,12.065,100,87,61,1017.078,1012.090,1010.158,10.000,7.000,2.000,21.152,6.245,,1.116,1.826,Rain,166
2016-6-11,20.267,16.600,13.777,16.008,14.112,11.637,100,88,59,1011.363,1010.146,1010.050,10.000,8.000,3.000,21.317,5.210,,2.110,3.086,Rain,193
2016-6-12,22.156,17.954,13.077,16.007,14.005,12.128,100,82,55,1009.946,1006.981,1006.195,10.000,9.000,3.000,32.245,13.003,,0.579,3.223,Rain,263
2016-6-13,17.975,16.094,12.993,15.079,13.002,11.760,96,85,64,1006.866,1002.967,1000.944,10.000,10.000,5.000,23.311,11.095,25.821,6.272,4.092,Rain,251
2016-6-14,18.082,15.946,12.903,14.220,12.066,8.874,98,78,57,1000.672,996.866,996.040,10.000,10.000,8.000,26.139,18.043,,0.288,2.831,Rain,272
2016-6-15,17.027,13.824,11.244,14.320,12.177,10.161,100,87,53,999.125,995.948,994.901,10.000,9.000,3.000,21.022,10.158,,34.098,3.188,Rain-Thunderstorm,228
2016-6-16,21.951,16.994,11.927,14.006,12.059,11.172,98,80,51,1004.194,1001.036,998.920,10.000,10.000,8.000,26.006,14.020,47.841,4.187,1.964,Rain,311
2016-6-17,18.970,15.929,11.939,14.056,12.260,8.887,94,83,65,1016.294,1009.075,1003.864,10.000,10.000,10.000,26.181,16.120,,0.708,2.839,Rain,309
2016-6-18,18.792,13.077,7.645,12.117,10.218,7.896,99,75,51,1025.233,1021.217,1015.885,10.000,10.000,10.000,24.015,11.061,,0.000,2.111,,304
2016-6-19,18.083,13.327,8.038,17.313,13.030,7.708,100,92,81,1025.016,1021.836,1017.757,10.000,9.000,7.000,21.084,10.225,,2.032,5.999,Rain,195
2016-6-20,19.108,17.018,13.960,17.159,14.175,11.097,100,84,59,1017.101,1014.010,1012.075,10.000,10.000,7.000,23.032,16.139,,0.781,4.976,Rain,257
2016-6-21,21.405,16.007,11.820,14.061,12.020,11.023,90,76,50,1017.756,1017.155,1015.929,10.000,10.000,10.000,24.124,10.111,,0.000,3.054,,206
2016-6-22,20.894,18.110,13.763,17.098,15.355,13.122,100,90,72,1017.905,1017.353,1017.196,10.000,9.000,3.000,21.124,10.138,,0.157,4.728,Rain,180
2016-6-23,20.020,15.811,12.061,14.372,12.022,10.095,95,74,54,1018.783,1016.839,1016.107,10.000,10.000,10.000,21.110,11.139,,0.000,2.939,,307
2016-6-24,20.123,15.854,10.925,14.047,12.226,7.954,97,75,42,1019.131,1017.894,1017.056,10.000,10.000,6.000,27.116,13.052,,0.042,2.188,Rain,234
2016-6-25,19.148,13.955,8.878,13.045,11.410,9.073,100,78,53,1020.296,1018.895,1018.024,10.000,10.000,10.000,29.022,11.119,,0.000,1.956,,308
2016-6-26,18.035,13.003,8.714,16.309,12.050,10.209,100,84,52,1020.075,1018.630,1017.152,10.000,10.000,4.000,23.078,11.287,,0.245,4.164,Rain,267
2016-6-27,19.022,15.776,12.215,14.030,11.116,7.945,94,75,52,1021.426,1019.779,1017.231,10.000,10.000,10.000,27.055,16.238,,0.000,1.926,,297
2016-6-28,17.171,11.682,6.747,14.047,11.000,7.142,100,83,68,1020.102,1013.002,1006.946,10.000,10.000,5.000,50.139,14.320,74.143,0.067,1.849,Rain,220
2016-6-29,16.092,14.260,12.902,13.108,12.142,10.768,94,84,77,1011.913,1008.121,1006.824,10.000,10.000,6.000,32.041,16.211,45.052,0.230,3.112,Rain,219
2016-6-30,20.274,16.043,12.070,15.101,13.034,10.583,100,81,56,1009.884,1009.000,1008.015,10.000,10.000,6.000,26.139,11.185,,0.000,3.827,,222
2016-7-1,17.796,13.790,10.696,13.288,10.203,7.774,88,73,52,1012.066,1010.001,1008.983,10.000,10.000,10.000,32.226,18.002,48.075,0.097,3.064,Rain,253
2016-7-2,18.781,13.943,8.853,12.130,9.007,8.026,94,73,52,1018.000,1014.994,1011.968,10.000,10.000,10.000,27.231,16.159,47.046,0.085,2.097,Rain,260
2016-7-3,19.747,15.861,12.137,14.245,12.102,9.705,94,82,64,1021.129,1018.822,1016.945,10.000,10.000,10.000,21.165,10.167,,0.000,3.140,,182
2016-7-4,21.001,14.114,9.094,16.243,13.060,8.236,100,86,68,1021.174,1018.096,1016.129,10.000,10.000,7.000,23.351,8.113,,0.000,4.812,,198
2016-7-5,20.276,14.773,9.825,13.180,11.429,7.980,94,70,52,1023.117,1020.318,1015.941,10.000,10.000,10.000,27.059,19.172,46.904,0.000,2.951,,311
2016-7-6,19.132,12.968,7.014,12.115,10.035,5.721,100,75,52,1024.015,1022.914,1022.014,10.000,10.000,10.000,19.187,8.175,,0.000,1.831,,178
2016-7-7,20.083,16.986,12.906,14.009,13.092,12.309,94,79,68,1022.024,1019.026,1017.262,10.000,10.000,10.000,23.075,10.002,,0.000,1.791,,201
2016-7-8,21.997,18.836,15.742,16.256,14.292,12.865,88,77,64,1020.975,1017.133,1014.939,10.000,10.000,10.000,26.456,14.197,44.964,0.000,2.683,,259
2016-7-9,21.048,17.998,16.098,17.139,16.129,13.880,94,85,78,1019.957,1016.286,1011.629,10.000,10.000,9.000,35.028,21.310,,0.156,4.011,Rain,198
2016-7-10,19.854,18.065,16.243,17.044,14.140,11.826,94,77,64,1012.384,1007.970,1007.002,10.000,10.000,6.000,35.110,24.094,52.987,0.114,2.850,Rain,215
2016-7-11,20.721,17.073,12.665,14.082,12.137,10.199,94,73,56,1011.811,1009.190,1005.910,10.000,10.000,10.000,26.287,19.226,45.015,0.184,3.136,Rain,267
2016-7-12,17.949,13.980,11.005,12.319,9.073,6.704,88,73,49,1017.140,1014.051,1011.813,10.000,10.000,10.000,27.018,14.087,,0.099,1.938,Rain,298
2016-7-13,19.102,13.072,6.986,12.066,8.132,4.981,100,68,42,1023.094,1020.090,1017.226,10.000,10.000,10.000,32.144,13.095,48.011,0.000,0.792,,315
2016-7-14,19.792,15.003,9.954,12.203,10.001,8.280,94,71,49,1027.955,1025.939,1023.157,10.000,10.000,10.000,23.041,10.357,,0.000,2.113,,318
2016-7-15,21.090,15.862,10.456,15.013,13.243,8.774,94,81,68,1027.797,1026.854,1026.141,10.000,10.000,10.000,21.073,8.056,,0.000,5.055,,253
2016-7-16,23.911,19.029,14.095,17.098,15.303,12.262,94,76,65,1027.148,1025.940,1024.885,10.000,10.000,10.000,21.084,10.001,,0.000,2.087,,303
2016-7-17,25.792,21.119,16.838,18.182,17.023,15.125,88,75,57,1025.044,1023.419,1022.154,10.000,10.000,10.000,19.158,8.036,,0.000,1.205,,284
2016-7-18,25.932,18.782,11.974,17.211,16.077,12.046,100,76,54,1023.338,1021.225,1019.006,10.000,9.000,0.000,16.034,6.258,,0.000,0.937,Fog,134
2016-7-19,26.126,18.691,12.578,18.236,16.098,13.185,100,73,57,1018.862,1013.889,1008.593,,,,27.021,10.165,,0.000,,,146
2016-7-20,22.977,19.176,13.589,17.121,14.096,10.793,94,73,60,1015.838,1010.897,1005.975,10.000,10.000,8.000,27.387,14.260,,0.000,2.038,,291
2016-7-21,21.172,15.933,11.046,16.132,13.063,10.052,94,77,60,1018.173,1016.763,1016.112,10.000,10.000,10.000,16.190,8.307,,0.043,1.961,Rain,195
2016-7-22,22.918,17.398,11.868,17.221,14.080,11.933,100,79,61,1019.942,1018.359,1017.149,10.000,10.000,10.000,26.086,8.127,,0.271,0.905,Rain,180
2016-7-23,23.187,19.086,15.052,15.221,14.201,13.017,94,75,53,1020.907,1021.208,1019.759,10.000,10.000,8.000,19.250,8.047,,0.000,4.011,,290
2016-7-24,20.787,17.798,15.217,19.201,16.083,12.143,94,85,68,1020.045,1019.113,1017.327,10.000,10.000,5.000,21.221,10.160,,0.010,3.965,Rain,242
2016-7-25,20.795,15.950,11.650,14.116,12.100,11.069,94,72,56,1022.137,1019.993,1018.941,10.000,10.000,10.000,24.100,11.002,,0.000,1.858,,267
2016-7-26,21.115,17.036,12.754,15.039,13.018,10.863,94,79,64,1022.981,1021.369,1019.133,10.000,10.000,9.000,19.125,10.171,,0.072,4.126,Rain,236
2016-7-27,22.150,18.183,14.856,16.142,14.236,12.021,94,79,64,1018.970,1017.212,1015.926,10.000,10.000,8.000,23.124,14.076,,0.054,5.301,Rain,279
2016-7-28,23.919,17.079,10.860,17.019,14.008,10.226,100,77,53,1016.835,1014.434,1012.100,10.000,10.000,10.000,27.301,14.127,,0.122,4.011,Rain,247
2016-7-29,20.780,18.043,15.792,15.118,14.090,12.728,94,79,60,1013.034,1012.178,1011.052,10.000,10.000,9.000,24.067,11.064,36.794,0.097,4.096,Rain,289
2016-7-30,21.903,17.830,14.068,14.012,12.037,9.761,88,72,46,1016.332,1014.113,1012.800,10.000,10.000,10.000,14.384,10.191,,0.051,2.140,Rain,313
2016-7-31,21.254,16.026,9.835,13.096,11.267,8.011,94,71,46,1021.428,1018.044,1015.596,10.000,10.000,10.000,26.197,11.050,,0.000,2.130,Fog,315
2016-8-1,16.880,12.972,9.285,16.099,12.220,7.865,100,92,82,1020.998,1017.020,1011.181,10.000,8.000,4.000,29.058,8.011,38.816,0.176,4.974,Rain,187
2016-8-2,22.940,19.138,15.897,18.160,17.133,15.314,100,87,73,1011.196,1009.632,1008.957,10.000,10.000,6.000,24.176,14.067,,0.189,4.669,Rain,221
2016-8-3,21.098,18.081,16.173,17.097,13.212,10.754,88,72,56,1009.889,1009.043,1008.142,10.000,10.000,10.000,32.117,19.053,47.978,0.000,3.195,,242
2016-8-4,20.951,16.969,14.051,13.119,11.186,9.838,88,68,52,1016.305,1011.985,1009.334,10.000,10.000,8.000,27.220,18.004,37.011,0.007,2.021,Rain,276
2016-8-5,22.324,16.103,9.994,14.223,12.001,9.155,100,76,50,1025.205,1020.923,1016.108,10.000,10.000,10.000,26.216,10.114,,0.000,0.716,,301
2016-8-6,24.080,16.862,11.161,16.118,14.155,11.034,100,78,57,1028.136,1026.544,1025.019,10.000,9.000,0.000,21.076,8.053,,0.000,1.809,Fog,213
2016-8-7,22.010,19.140,15.855,17.092,14.041,11.014,88,72,53,1026.916,1024.931,1023.045,10.000,10.000,10.000,27.173,18.042,,0.000,3.998,,266
2016-8-8,18.568,16.165,11.852,13.190,11.018,9.336,88,70,52,1025.984,1023.720,1021.916,10.000,10.000,10.000,29.083,16.003,,0.000,2.046,,303
2016-8-9,19.551,13.075,7.173,12.053,9.150,6.081,100,71,49,1028.088,1026.842,1026.105,10.000,10.000,10.000,32.202,11.032,47.823,0.000,2.173,,328
2016-8-10,20.142,15.112,10.008,13.009,11.356,8.015,88,73,59,1026.973,1026.080,1024.799,10.000,10.000,10.000,24.051,11.097,,0.000,1.918,,311
2016-8-11,20.874,16.904,13.915,12.079,12.220,11.412,88,70,53,1025.887,1023.881,1023.926,10.000,10.000,10.000,29.002,18.008,,0.000,2.009,,296
2016-8-12,22.279,16.893,13.050,14.233,12.098,10.806,94,73,56,1026.093,1024.677,1024.301,10.000,10.000,10.000,24.098,11.084,41.941,0.000,1.855,,290
2016-8-13,23.146,17.195,12.025,16.073,13.100,10.150,94,75,50,1025.090,1024.011,1022.875,10.000,10.000,10.000,24.183,10.184,,0.058,4.076,Rain,287
2016-8-14,22.825,16.016,8.234,13.043,11.151,6.626,100,72,50,1025.993,1025.159,1023.969,10.000,10.000,10.000,13.406,6.082,,0.000,1.772,Fog,71
2016-8-15,22.136,14.111,8.230,13.046,11.129,7.176,94,72,46,1025.234,1022.963,1020.107,,,,29.114,10.006,,0.000,,,109
2016-8-16,22.029,13.853,8.017,14.228,12.209,8.014,100,72,53,1020.047,1017.006,1015.110,10.000,10.000,10.000,24.121,10.044,,0.000,1.692,Fog,133
2016-8-17,21.035,14.044,8.174,16.100,13.262,8.129,100,85,64,1014.741,1012.073,1010.147,10.000,7.000,5.000,19.157,6.014,,0.047,2.089,Fog-Rain,122
2016-8-18,21.603,18.819,15.866,16.155,16.373,14.610,100,83,68,1009.813,1010.187,1008.840,10.000,7.000,1.000,21.071,6.109,,0.000,4.268,Fog,177
2016-8-19,21.925,18.127,13.807,18.281,14.281,10.955,100,83,60,1008.050,1004.094,1002.256,10.000,9.000,4.000,37.103,18.222,51.837,0.136,3.758,Rain,188
2016-8-20,17.863,16.014,13.741,13.128,12.271,10.989,94,77,68,1011.938,1006.012,1003.429,10.000,10.000,10.000,37.346,26.202,57.911,0.112,4.159,Rain,233
2016-8-21,19.005,16.913,13.867,16.026,13.050,10.854,94,81,64,1021.959,1018.016,1012.066,10.000,10.000,4.000,27.176,21.011,,0.103,4.057,Rain,249
2016-8-22,23.992,18.884,13.873,16.185,15.122,13.095,94,76,60,1023.857,1023.298,1020.781,10.000,10.000,8.000,26.079,16.054,,0.434,2.800,Rain,203
2016-8-23,23.904,18.585,13.757,16.088,16.318,12.865,100,80,61,1024.148,1019.689,1018.061,10.000,8.000,4.000,24.002,10.056,,0.000,2.867,Fog,149
2016-8-24,22.897,18.960,15.070,17.156,16.346,15.022,100,82,65,1019.664,1018.985,1017.168,10.000,10.000,7.000,23.208,11.014,,0.078,2.092,Rain,335
2016-8-25,22.057,18.151,15.148,18.144,17.182,13.814,100,91,73,1017.645,1014.947,1013.777,10.000,7.000,0.000,13.073,6.086,,0.150,2.919,Fog-Rain,319
2016-8-26,22.934,16.706,11.677,16.212,13.234,9.671,100,78,46,1019.851,1018.079,1014.932,10.000,10.000,8.000,14.156,8.189,,0.022,1.091,Fog-Rain,320
2016-8-27,23.200,17.013,10.863,17.002,14.058,9.892,100,83,57,1018.817,1013.444,1010.680,10.000,9.000,7.000,26.211,8.206,,0.153,2.945,Rain,129
2016-8-28,20.606,18.001,15.053,17.032,16.214,12.911,100,87,73,1017.968,1013.222,1009.887,10.000,9.000,4.000,24.145,13.135,,0.309,3.023,Rain,226
2016-8-29,24.002,17.961,13.116,15.012,13.165,11.929,100,77,47,1026.233,1023.137,1019.109,10.000,9.000,5.000,14.116,10.238,,0.000,1.797,,298
2016-8-30,23.339,16.901,12.042,16.334,13.046,10.929,100,81,50,1025.619,1024.108,1021.087,10.000,7.000,0.000,24.163,8.084,,0.000,3.009,Fog,168
2016-8-31,21.321,15.969,11.964,16.037,13.296,9.867,100,83,53,1022.788,1021.144,1019.944,10.000,10.000,10.000,21.077,8.046,,0.086,3.196,Rain,253
2016-9-1,21.954,16.050,9.233,14.444,12.011,8.663,100,76,53,1024.604,1023.085,1021.667,10.000,10.000,10.000,14.268,6.100,,0.000,1.044,Fog,213
2016-9-2,21.304,17.070,13.713,18.116,14.041,11.042,94,82,60,1021.086,1018.892,1016.757,10.000,10.000,4.000,19.167,10.060,,0.235,3.935,Rain,220
2016-9-3,18.879,13.879,8.966,17.176,13.982,9.115,100,90,73,1019.098,1014.956,1010.972,10.000,10.000,7.000,34.023,14.058,,0.204,4.057,Rain,200
2016-9-4,20.116,18.144,14.071,16.133,13.142,12.234,100,79,64,1017.454,1014.222,1010.839,10.000,10.000,8.000,27.040,16.075,,0.078,3.237,Rain,269
2016-9-5,24.018,19.070,13.836,20.024,18.319,13.181,100,87,73,1023.333,1018.723,1014.031,10.000,10.000,7.000,19.014,10.008,,0.188,5.861,Rain,280
2016-9-6,23.001,19.071,15.976,18.113,17.160,14.982,100,83,69,1024.175,1022.881,1020.831,10.000,10.000,10.000,19.030,10.241,,0.000,3.544,,183
2016-9-7,22.623,18.030,13.983,19.250,16.226,13.852,100,85,64,1021.067,1014.931,1009.828,10.000,7.000,2.000,23.185,10.045,,0.000,3.909,Fog,111
2016-9-8,21.140,18.119,15.257,15.130,12.208,8.767,94,71,49,1013.745,1011.931,1009.039,10.000,10.000,9.000,32.062,16.156,,0.036,1.937,Rain,240
2016-9-9,20.201,17.986,14.610,17.147,16.003,13.266,94,86,78,1013.847,1013.239,1011.937,10.000,10.000,6.000,34.191,23.115,46.811,0.020,5.172,Rain,194
2016-9-10,18.923,14.280,9.929,17.009,13.059,7.799,100,83,60,1016.114,1011.951,1009.759,10.000,10.000,9.000,21.164,13.032,,0.096,4.023,Rain,289
2016-9-11,17.771,11.934,6.199,13.157,11.046,6.295,100,81,64,1017.232,1014.935,1011.889,10.000,10.000,10.000,27.094,10.201,,0.000,2.027,Fog,157
2016-9-12,19.853,18.289,16.917,17.154,16.233,12.848,94,86,77,1012.121,1010.038,1008.717,10.000,9.000,3.000,35.174,21.332,,0.000,4.875,,162
2016-9-13,21.644,17.969,13.962,19.042,17.224,12.855,100,92,83,1010.879,1007.960,1005.950,10.000,7.000,1.000,19.092,8.369,,0.131,0.843,Fog-Rain-Thunderstorm,9
2016-9-14,21.705,18.004,14.089,17.057,16.006,12.944,100,85,69,1012.119,1008.978,1006.121,10.000,9.000,6.000,24.034,13.037,,0.000,1.830,,120
2016-9-15,23.058,17.744,13.038,17.289,14.044,12.158,100,81,61,1011.868,1009.882,1008.910,10.000,9.000,4.000,21.101,10.105,,0.000,2.105,Fog,325
2016-9-16,19.263,16.098,12.187,14.026,11.138,9.154,88,75,56,1021.313,1015.671,1010.894,10.000,10.000,10.000,37.302,21.025,52.114,0.000,3.188,,320
2016-9-17,18.958,13.780,10.825,12.145,11.221,8.921,94,76,52,1022.779,1022.064,1020.789,10.000,10.000,10.000,26.303,11.030,,0.000,1.967,,322
2016-9-18,20.197,14.864,9.971,13.069,11.237,9.802,100,80,60,1023.345,1021.876,1021.075,10.000,10.000,10.000,13.104,5.115,,0.000,3.077,,315
2016-9-19,16.769,14.179,13.185,16.013,14.052,12.048,100,92,82,1022.937,1022.115,1021.103,10.000,9.000,4.000,13.070,3.188,,0.008,5.824,Rain,353
2016-9-20,17.812,14.116,10.894,13.338,12.285,9.997,94,85,72,1021.088,1020.083,1018.489,10.000,10.000,10.000,16.122,8.102,,0.000,3.910,,14
2016-9-21,18.164,13.712,9.991,15.014,12.228,10.025,100,87,72,1018.691,1016.082,1015.113,10.000,8.000,4.000,26.246,8.155,,0.000,1.708,Fog,164
2016-9-22,17.855,14.174,8.991,12.182,10.119,6.988,100,76,56,1022.155,1018.663,1016.994,10.000,10.000,10.000,19.142,8.078,,0.000,2.100,Fog,274
2016-9-23,17.781,12.109,5.803,11.009,8.276,5.855,100,76,49,1024.655,1023.078,1021.196,10.000,10.000,10.000,26.076,10.175,,0.000,0.810,,177
2016-9-24,18.851,17.399,16.131,16.088,14.202,13.086,100,83,73,1020.241,1012.709,1007.005,10.000,10.000,8.000,47.051,24.129,60.850,0.142,4.156,Rain,181
2016-9-25,17.055,12.913,10.630,16.040,10.228,7.145,94,77,52,1020.892,1014.949,1006.972,10.000,10.000,8.000,27.151,16.020,,0.313,1.820,Rain,233
2016-9-26,15.599,12.911,12.110,13.173,12.126,9.966,94,85,77,1021.358,1018.772,1019.216,10.000,10.000,8.000,27.333,14.029,,0.087,2.186,Rain,184
2016-9-27,18.860,14.162,10.733,17.134,14.113,9.714,100,88,77,1025.814,1022.048,1017.826,10.000,10.000,6.000,26.297,16.242,,0.178,2.973,Rain,225
2016-9-28,21.743,14.070,8.053,17.082,14.096,8.192,100,86,73,1026.258,1023.908,1020.196,10.000,10.000,10.000,29.011,10.039,,0.000,3.917,,193
2016-9-29,17.835,13.908,10.772,16.135,11.062,9.091,94,76,59,1019.763,1015.978,1015.065,10.000,10.000,5.000,29.094,18.193,34.979,0.205,3.039,Rain,254
2016-9-30,18.017,13.075,7.782,11.199,9.149,7.151,94,75,56,1014.777,1012.153,1009.012,10.000,10.000,10.000,24.213,11.182,,0.000,1.982,,233
2016-10-1,15.183,10.900,7.267,10.293,9.187,7.272,100,84,67,1010.957,1005.565,1002.970,10.000,10.000,10.000,29.057,11.120,,0.025,1.826,Rain,235
2016-10-2,16.735,9.709,4.115,10.060,8.057,3.104,100,81,52,1023.363,1017.892,1012.100,10.000,10.000,10.000,13.000,6.091,,0.000,0.812,,223
2016-10-3,16.751,10.120,3.662,12.081,8.153,3.841,100,80,59,1027.192,1026.219,1022.793,10.000,10.000,10.000,29.186,11.265,,0.000,1.208,,140
2016-10-4,17.773,15.882,12.711,13.199,11.002,6.997,88,76,63,1026.939,1026.068,1025.038,10.000,10.000,10.000,37.250,24.173,51.805,0.000,1.943,,108
2016-10-5,17.337,12.851,10.019,11.160,8.047,5.000,94,72,45,1026.068,1025.915,1025.063,10.000,10.000,8.000,34.202,18.209,47.877,0.000,3.231,,74
2016-10-6,13.760,9.001,5.136,6.075,5.075,3.061,93,72,55,1025.123,1022.793,1020.763,10.000,10.000,10.000,29.116,19.023,,0.000,2.186,,54
2016-10-7,13.035,8.861,4.840,10.003,8.014,3.119,94,84,77,1023.404,1020.892,1018.993,10.000,10.000,5.000,23.057,13.085,,0.000,5.002,,58
2016-10-8,15.168,11.480,8.134,11.083,10.031,7.841,100,86,72,1028.246,1025.752,1023.220,10.000,10.000,9.000,21.065,8.052,,0.000,1.845,,3
2016-10-9,14.958,10.327,5.079,10.066,7.178,4.530,94,74,51,1029.279,1028.096,1028.200,10.000,10.000,10.000,21.076,10.150,,0.000,0.970,,21
2016-10-10,15.005,7.920,1.874,8.120,4.051,2.046,100,78,51,1028.086,1025.935,1024.150,10.000,10.000,10.000,14.031,6.164,,0.000,0.825,,37
2016-10-11,15.055,8.782,2.846,8.182,5.098,2.016,100,80,55,1024.174,1021.136,1019.983,10.000,10.000,10.000,24.024,8.022,,0.000,0.906,,73
2016-10-12,15.710,10.686,6.055,10.076,7.010,4.003,93,78,55,1019.837,1019.012,1017.167,10.000,9.000,7.000,32.013,14.151,,0.000,2.242,,50
2016-10-13,13.050,8.821,5.092,8.317,6.240,3.143,93,78,63,1015.626,1010.931,1008.084,10.000,10.000,10.000,23.086,14.073,,0.000,0.810,,45
2016-10-14,12.167,7.095,1.786,11.094,7.666,2.094,100,93,88,1007.904,1003.878,1002.364,10.000,7.000,4.000,24.127,6.224,,0.006,3.988,Rain,69
2016-10-15,13.746,10.168,7.201,10.005,9.236,5.847,100,89,67,1007.015,1004.900,1001.786,10.000,10.000,7.000,23.207,11.169,,0.179,2.048,Fog-Rain,163
2016-10-16,15.785,13.028,12.015,11.137,10.115,8.042,88,77,59,1012.953,1009.075,1005.220,10.000,10.000,9.000,32.137,23.204,,0.146,1.922,Rain,199
2016-10-17,15.915,11.480,9.035,11.098,9.031,7.147,94,78,59,1021.961,1017.861,1012.922,10.000,10.000,10.000,26.028,16.068,40.068,0.000,1.046,,222
2016-10-18,13.766,9.816,4.874,9.167,7.093,4.039,94,77,58,1024.130,1022.026,1019.960,10.000,10.000,10.000,26.312,14.056,,0.000,0.863,,276
2016-10-19,13.790,8.993,4.001,9.067,7.057,4.119,100,82,63,1024.808,1023.888,1023.042,10.000,10.000,10.000,21.315,10.262,,0.000,1.788,,312
2016-10-20,13.000,7.246,1.804,9.208,7.178,1.724,100,88,72,1024.260,1022.989,1021.905,10.000,9.000,0.000,21.335,6.062,,0.000,1.032,Fog,22
2016-10-21,14.113,7.091,1.054,10.106,5.164,0.969,100,88,59,1023.183,1020.983,1019.204,10.000,7.000,0.000,11.027,5.225,,0.000,0.710,Fog,37
2016-10-22,11.048,6.044,-0.195,8.028,5.141,-0.007,100,88,76,1018.959,1014.805,1012.846,10.000,9.000,6.000,19.083,8.040,,0.000,0.809,Fog,49
2016-10-23,12.138,9.030,7.048,7.055,6.095,5.005,93,80,67,1011.858,1008.254,1005.929,10.000,10.000,9.000,32.182,21.111,48.088,0.224,1.984,Rain,65
2016-10-24,11.211,9.027,7.770,10.081,9.033,5.833,100,93,82,1015.986,1010.866,1007.074,10.000,6.000,4.000,23.230,14.125,,0.098,5.069,Rain,35
2016-10-25,15.703,12.118,8.010,13.140,11.075,8.231,100,95,77,1025.471,1022.033,1016.120,10.000,4.000,0.000,14.075,6.048,,0.134,3.015,Fog-Rain,135
2016-10-26,14.996,10.784,6.947,13.325,9.297,5.865,100,93,82,1031.891,1028.772,1024.667,10.000,7.000,0.000,16.014,5.058,,0.000,2.753,Fog,220
2016-10-27,14.768,9.706,5.020,13.026,8.295,4.118,100,91,77,1033.652,1033.268,1032.120,10.000,7.000,0.000,16.150,6.009,,0.000,5.890,Fog,227
2016-10-28,14.613,12.888,11.961,11.071,10.014,9.646,94,84,72,1035.949,1034.999,1032.615,10.000,10.000,10.000,13.169,8.001,,0.000,5.990,,256
2016-10-29,14.022,11.966,11.067,11.077,11.084,10.060,94,85,77,1034.978,1033.898,1032.135,10.000,10.000,10.000,13.288,6.134,,0.000,6.072,,86
2016-10-30,16.970,12.892,8.066,13.018,11.113,8.076,100,86,77,1031.002,1028.063,1025.781,10.000,8.000,3.000,21.226,10.333,,0.000,3.939,Fog,104
2016-10-31,18.063,10.725,4.916,13.090,9.036,5.054,100,90,64,1026.028,1024.762,1023.851,10.000,4.000,0.000,16.197,3.076,,0.000,1.162,Fog,89
2016-11-1,13.053,9.101,5.067,11.119,8.097,4.913,100,93,82,1024.921,1024.063,1022.120,8.000,5.000,0.000,21.177,5.014,,0.000,2.892,Fog,44
2016-11-2,12.498,6.027,-0.462,9.267,4.234,0.181,100,82,58,1027.077,1025.028,1025.072,10.000,9.000,6.000,13.090,6.005,,0.000,2.061,Fog,19
2016-11-3,9.113,3.853,-0.069,7.224,4.044,-0.686,100,94,87,1024.981,1020.022,1015.838,10.000,9.000,0.000,6.126,2.135,,0.004,4.059,Fog-Rain,343
2016-11-4,11.418,6.776,3.147,9.200,5.127,1.976,100,90,67,1015.955,1009.223,1007.144,10.000,8.000,0.000,24.088,5.121,,0.202,1.778,Fog-Rain,309
2016-11-5,10.138,5.904,0.982,6.057,2.058,-0.902,100,79,61,1010.896,1008.025,1005.675,10.000,10.000,10.000,21.025,6.087,,0.000,1.235,Fog,348
2016-11-6,9.015,2.925,-2.985,4.145,1.044,-4.035,100,77,58,1011.429,1008.753,1006.887,10.000,10.000,10.000,26.079,8.307,46.903,0.000,1.961,,335
2016-11-7,9.012,4.175,0.282,2.135,1.017,-2.089,93,74,58,1016.075,1014.882,1014.031,10.000,10.000,10.000,21.089,13.204,,0.000,1.079,,349
2016-11-8,11.004,5.850,2.002,10.172,5.146,1.138,100,90,76,1016.109,1007.123,993.940,10.000,10.000,5.000,35.007,6.017,,0.283,3.530,Rain,177
2016-11-9,11.125,8.851,6.692,10.040,6.011,3.659,94,83,62,1008.032,1003.879,993.069,10.000,10.000,10.000,42.363,23.392,69.246,0.023,2.115,Rain,298
2016-11-10,11.654,7.868,5.169,9.239,6.141,2.080,100,83,67,1017.022,1011.079,1007.044,10.000,10.000,10.000,29.125,10.304,40.037,0.219,1.957,Rain,298
2016-11-11,12.006,6.143,1.433,8.158,6.117,0.745,100,86,76,1023.074,1020.340,1016.998,10.000,10.000,10.000,26.000,6.116,,0.000,2.172,,167
2016-11-12,14.120,11.080,8.746,13.145,11.145,6.921,100,90,77,1019.283,1014.181,1010.715,10.000,9.000,6.000,23.282,16.048,,0.263,4.804,Rain,292
2016-11-13,13.337,7.962,4.152,8.081,6.179,4.254,100,84,63,1031.866,1028.870,1025.598,10.000,10.000,10.000,16.083,6.327,,0.000,1.182,Fog,335
2016-11-14,13.625,9.884,6.117,12.103,10.018,5.978,100,93,77,1031.969,1029.951,1029.063,10.000,10.000,9.000,23.162,8.005,,0.021,5.092,Rain,277
2016-11-15,17.139,14.098,13.342,13.062,12.085,12.142,94,90,77,1028.898,1027.017,1022.042,10.000,10.000,8.000,21.070,11.025,,0.214,5.087,Rain,282
2016-11-16,13.978,11.011,8.527,12.090,8.058,4.914,94,81,67,1022.096,1016.063,1012.110,10.000,10.000,10.000,27.075,14.143,,0.134,2.123,Rain,254
2016-11-17,12.945,8.926,5.732,9.058,5.191,2.880,87,77,71,1012.055,1000.147,993.760,10.000,10.000,10.000,37.066,19.487,60.977,0.103,2.854,Rain,233
2016-11-18,6.906,4.066,3.175,4.001,2.394,0.863,93,86,71,1000.733,998.029,994.164,10.000,10.000,10.000,26.187,8.154,42.113,0.169,2.014,Rain,263
2016-11-19,8.053,4.086,1.822,6.173,4.170,0.946,93,89,76,1004.023,1000.016,991.981,10.000,10.000,10.000,13.079,5.000,,0.147,2.156,Rain,154
2016-11-20,9.171,7.034,4.902,5.078,4.226,2.946,93,82,66,992.851,990.816,983.209,10.000,10.000,10.000,24.138,14.098,,0.159,1.995,Rain,344
2016-11-21,10.110,7.886,4.808,9.341,7.147,4.960,100,94,87,984.947,982.006,981.194,10.000,8.000,6.000,27.131,16.272,,0.052,4.045,Rain,72
2016-11-22,7.780,7.077,5.895,7.131,6.084,5.000,100,93,87,1011.264,1002.159,983.944,10.000,9.000,5.000,14.030,10.075,,0.224,5.111,Rain,272
2016-11-23,8.500,7.044,5.926,6.071,5.037,3.712,93,87,76,1019.022,1016.048,1011.849,10.000,10.000,8.000,24.105,11.187,,0.004,4.777,Rain,25
2016-11-24,9.786,8.089,7.262,7.093,6.219,2.755,87,82,76,1021.716,1021.364,1019.058,10.000,10.000,10.000,39.164,26.357,60.119,0.000,3.188,,38
2016-11-25,7.795,5.790,3.857,4.096,3.194,1.722,93,80,71,1022.148,1019.796,1018.822,10.000,10.000,10.000,27.449,14.133,,0.000,1.279,,20
2016-11-26,8.088,6.104,4.082,4.008,3.132,1.967,93,85,76,1019.849,1020.072,1019.066,10.000,9.000,8.000,23.019,11.009,,0.000,2.226,,42
2016-11-27,7.574,6.219,2.793,6.136,4.067,1.766,93,83,71,1026.255,1024.236,1022.197,10.000,10.000,8.000,24.197,11.039,,0.000,4.837,,53
2016-11-28,9.071,4.109,-0.117,3.172,0.250,-3.655,81,70,53,1030.134,1027.773,1025.873,10.000,10.000,10.000,29.083,18.018,,0.000,2.869,,70
2016-11-29,6.192,0.826,-3.108,0.087,-2.861,-4.803,93,79,57,1034.983,1032.921,1029.903,,,,61.204,8.079,,0.000,,,32
2016-11-30,6.111,0.154,-5.300,2.162,-1.970,-6.205,93,86,70,1035.778,1033.974,1033.489,10.000,9.000,8.000,8.326,2.079,,0.000,1.099,,35
2016-12-1,1.029,-2.034,-3.779,1.022,-1.879,-4.797,100,98,93,1033.982,1030.649,1028.944,8.000,1.000,0.000,6.023,2.034,,0.000,5.040,Fog,11
2016-12-2,6.363,0.000,-5.368,4.159,1.127,-5.653,100,96,81,1026.932,1024.924,1024.259,10.000,10.000,10.000,13.102,2.181,,0.000,6.203,,20
2016-12-3,8.050,6.219,2.977,4.288,3.131,0.267,93,79,70,1023.884,1021.566,1021.458,10.000,10.000,7.000,32.250,18.088,,0.000,3.919,,68
2016-12-4,5.999,2.961,0.447,3.201,1.005,-2.122,87,79,70,1020.801,1019.894,1019.002,10.000,10.000,10.000,21.008,14.199,,0.000,4.042,,38
2016-12-5,10.756,8.000,5.342,10.044,7.011,4.293,94,92,87,1022.962,1021.727,1021.003,10.000,6.000,4.000,14.233,8.194,,0.000,5.907,,59
2016-12-6,11.580,11.036,10.306,10.411,10.114,8.954,100,93,88,1026.093,1024.992,1024.886,10.000,7.000,4.000,19.097,10.067,,0.000,7.100,,173
2016-12-7,13.865,12.018,9.915,12.095,11.248,8.985,100,90,82,1024.896,1025.111,1023.949,10.000,9.000,4.000,23.162,14.025,,0.101,2.799,Rain,176
2016-12-8,16.131,12.891,11.874,13.177,12.279,11.039,100,92,82,1025.788,1024.167,1022.949,10.000,9.000,3.000,27.149,18.030,,0.205,6.196,Rain,188
2016-12-9,14.203,12.954,12.320,12.181,11.085,9.877,94,88,82,1024.919,1023.990,1022.091,10.000,10.000,4.000,29.028,16.178,,0.000,2.860,,187
2016-12-10,12.970,8.924,4.880,12.042,9.562,3.920,100,93,82,1022.743,1021.118,1017.765,10.000,8.000,3.000,29.050,13.223,,0.032,4.965,Rain,221
2016-12-11,8.052,3.987,0.971,7.198,3.998,0.765,100,97,93,1027.320,1026.240,1023.857,10.000,2.000,0.000,6.226,3.008,,0.000,2.972,Fog,322
2016-12-12,13.006,9.743,7.612,12.141,9.074,6.994,100,93,82,1020.063,1019.159,1018.982,10.000,9.000,5.000,21.415,13.093,,0.103,6.175,Rain,202
2016-12-13,14.194,10.767,8.013,12.048,10.922,6.998,100,92,88,1019.074,1016.963,1016.190,10.000,9.000,7.000,29.038,14.177,,0.000,4.947,,187
2016-12-14,12.061,11.100,9.841,11.119,9.003,8.150,100,92,87,1016.777,1015.828,1014.985,10.000,10.000,10.000,23.070,14.286,,0.000,3.846,,142
2016-12-15,11.956,9.798,8.729,11.029,10.067,7.992,100,94,88,1016.980,1014.990,1013.638,10.000,9.000,4.000,26.092,18.151,,0.220,4.289,Rain,165
2016-12-16,12.149,9.794,8.173,9.110,8.491,6.746,100,90,82,1032.264,1024.148,1014.787,10.000,10.000,10.000,19.156,13.043,,0.000,3.047,,140
2016-12-17,11.085,8.045,4.640,10.264,8.101,4.862,100,95,87,1038.921,1037.147,1032.084,10.000,7.000,0.000,10.005,5.059,,0.000,4.951,Fog,350
2016-12-18,7.238,3.742,3.424,6.119,3.889,2.032,100,97,93,1039.029,1035.865,1031.946,2.000,0.000,0.000,8.030,3.153,,0.000,4.904,Fog,359
2016-12-19,8.036,6.067,3.857,8.107,6.102,3.906,100,96,93,1031.952,1025.038,1021.870,10.000,9.000,2.000,11.267,5.178,,0.011,4.884,Rain,12
2016-12-20,8.431,6.099,3.758,6.145,5.061,1.904,100,89,81,1021.844,1018.914,1017.092,10.000,10.000,5.000,19.340,10.216,,0.216,3.026,Rain,145
2016-12-21,11.982,7.916,4.067,9.152,7.144,3.103,100,89,77,1023.240,1019.996,1016.073,10.000,8.000,0.000,21.242,10.062,,0.286,2.831,Fog-Rain,216
2016-12-22,11.013,5.884,1.022,7.014,4.287,-0.079,100,90,71,1032.110,1028.431,1023.137,10.000,8.000,0.000,16.141,5.089,,0.000,2.077,Fog,209
2016-12-23,13.092,8.042,3.736,11.231,8.174,3.028,100,87,77,1030.989,1023.955,1018.882,10.000,9.000,5.000,40.315,19.142,61.039,0.109,4.062,Fog-Rain,222
2016-12-24,10.905,8.026,5.854,6.218,5.135,3.165,82,76,71,1029.158,1027.769,1026.094,10.000,10.000,10.000,26.062,16.222,,0.000,0.967,,240
2016-12-25,13.173,12.123,11.767,10.306,10.122,9.969,88,86,82,1026.187,1024.977,1023.905,10.000,10.000,10.000,23.173,16.017,,0.000,3.974,,218
2016-12-26,9.462,3.952,0.047,5.007,2.378,-1.322,100,83,62,1041.855,1036.121,1029.083,10.000,10.000,10.000,14.171,6.203,,0.000,0.913,,299
2016-12-27,4.077,0.237,-3.151,3.063,0.633,-3.710,100,94,93,1044.199,1042.736,1042.179,10.000,10.000,10.000,10.064,3.048,,0.000,3.990,,42
2016-12-28,10.122,3.869,-0.727,8.120,3.347,-1.147,100,91,76,1041.129,1037.957,1036.753,10.000,10.000,10.000,21.160,5.286,,0.000,0.951,Fog,96
2016-12-29,5.199,1.012,-3.120,4.013,0.193,-2.998,100,98,93,1036.899,1035.811,1035.213,10.000,4.000,0.000,8.112,0.186,,0.000,4.770,Fog,35
2016-12-30,5.798,0.905,-2.921,5.931,1.966,-2.931,100,98,93,1036.743,1035.882,1034.909,9.000,1.000,0.000,6.126,0.151,,0.000,6.061,Fog,131
2016-12-31,9.175,6.787,5.194,9.005,6.142,5.037,100,95,87,1034.984,1030.898,1025.197,10.000,6.000,0.000,13.135,5.062,,0.000,6.026,Fog,192